-- phpMyAdmin SQL Dump
-- version 5.2.1
-- https://www.phpmyadmin.net/
--
-- Host: 127.0.0.1
-- Generation Time: Mar 24, 2026 at 04:15 AM
-- Server version: 10.4.32-MariaDB
-- PHP Version: 8.0.30

SET SQL_MODE = "NO_AUTO_VALUE_ON_ZERO";
START TRANSACTION;
SET time_zone = "+00:00";


/*!40101 SET @OLD_CHARACTER_SET_CLIENT=@@CHARACTER_SET_CLIENT */;
/*!40101 SET @OLD_CHARACTER_SET_RESULTS=@@CHARACTER_SET_RESULTS */;
/*!40101 SET @OLD_COLLATION_CONNECTION=@@COLLATION_CONNECTION */;
/*!40101 SET NAMES utf8mb4 */;

--
-- Database: `scrms`
--

-- --------------------------------------------------------

--
-- Table structure for table `complaints`
--

CREATE TABLE `complaints` (
  `complaint_id` int(11) NOT NULL,
  `user_id` int(11) DEFAULT NULL,
  `category_id` int(11) DEFAULT NULL,
  `status_id` int(11) DEFAULT NULL,
  `title` varchar(255) DEFAULT NULL,
  `description` text DEFAULT NULL,
  `batch` varchar(20) DEFAULT NULL,
  `is_anonymous` tinyint(1) DEFAULT 0,
  `assigned_to` int(11) DEFAULT NULL,
  `evidence_file` longblob DEFAULT NULL,
  `incident_date` date NOT NULL,
  `created_at` timestamp NOT NULL DEFAULT current_timestamp(),
  `updated_at` timestamp NOT NULL DEFAULT current_timestamp() ON UPDATE current_timestamp(),
  `final_status_message` text DEFAULT NULL,
  `assigned_role` varchar(20) DEFAULT 'DeptAdmin'
) ENGINE=InnoDB DEFAULT CHARSET=utf8mb4 COLLATE=utf8mb4_general_ci;

--
-- Dumping data for table `complaints`
--

INSERT INTO `complaints` (`complaint_id`, `user_id`, `category_id`, `status_id`, `title`, `description`, `batch`, `is_anonymous`, `assigned_to`, `evidence_file`, `incident_date`, `created_at`, `updated_at`, `final_status_message`, `assigned_role`) VALUES
(15, 11, 5, 1, 'Exam Routine', 'what about our examinations? why it\'s late', '2023', 1, NULL, NULL, '2026-03-02', '2026-03-11 18:09:29', '2026-03-20 07:39:48', NULL, 'HOD'),
(17, 11, 2, 1, 'Food', 'I would like to report a complaint regarding the food provided in the canteen during the ongoing exam period. Exams are a crucial time for students, requiring focus, energy, and good health. Unfortunately, the quality of food in the canteen has been unsatisfactory during this period. The meals are often cold, not fresh, or undercooked.\r\n\r\nDuring exams, students rely on proper nutrition to stay alert and perform well. Poor food quality can negatively affect concentration, stamina, and overall well-being.\r\n\r\nI kindly request the concerned authority to monitor the canteen services and ensure that fresh, hygienic, and properly cooked food is provided to students during exams.', '2023', 1, NULL, NULL, '2026-03-15', '2026-03-11 18:18:38', '2026-03-21 06:33:19', NULL, 'HOD'),
(18, 10, 4, 3, 'Internet Issue', 'I would like to report an issue regarding the poor internet connectivity in the university. The internet is often very slow and frequently disconnects, making it difficult for students to access online learning materials, digital libraries, and submit assignments. Since many courses depend on online resources, this problem is affecting students’ learning and academic activities. I kindly request the concerned department to improve the internet service so that students can study and complete their work without interruption.', '2023', 1, NULL, NULL, '2026-03-12', '2026-03-12 02:14:21', '2026-03-12 02:28:38', 'Your complaint has been solved now', 'DeptAdmin'),
(22, 10, 4, 1, 'Internet Issue', 'I would like to report an issue regarding the poor internet connectivity in the university. The internet is often very slow and frequently disconnects, making it difficult for students to access online learning materials, digital libraries, and submit assignments. Since many courses depend on online resources, this problem is affecting students’ learning and academic activities. I kindly request the concerned department to improve the internet service so that students can study and complete their work without interruption.', '2023', 1, NULL, NULL, '2026-03-09', '2026-03-13 05:13:12', '2026-03-21 06:33:19', NULL, 'HOD'),
(23, 10, 4, 3, 'Internet Issue', 'I would like to report an issue regarding the poor internet connectivity in the university. The internet is often very slow and frequently disconnects, making it difficult for students to access online learning materials, digital libraries, and submit assignments. Since many courses depend on online resources, this problem is affecting students’ learning and academic activities. I kindly request the concerned department to improve the internet service so that students can study and complete their work without interruption.', '2023', 1, NULL, NULL, '2026-03-06', '2026-03-20 07:44:23', '2026-03-20 16:00:01', 'Your complaint has been solved.\r\nThank you', 'DeptAdmin'),
(24, 10, 2, 1, 'lalala', 'lalala', '2024', 1, NULL, NULL, '2026-03-03', '2026-03-20 16:17:27', '2026-03-20 16:17:27', NULL, 'DeptAdmin'),
(25, 10, 2, 1, 'lalala', 'lalala', '2024', 1, NULL, NULL, '2026-03-03', '2026-03-20 16:17:35', '2026-03-20 16:17:35', NULL, 'DeptAdmin'),
(29, 10, 2, 3, 'Kabita Katwal', 'snbdbsdbvs', '2024', 0, NULL, NULL, '2026-03-10', '2026-03-21 06:30:24', '2026-03-21 15:24:08', 'lala', 'DeptAdmin'),
(33, 23, 4, 1, 'lalala', 'lalalalalalal', '2024', 1, NULL, NULL, '2026-03-10', '2026-03-21 06:55:05', '2026-03-21 06:55:05', NULL, 'DeptAdmin'),
(38, 10, 4, 1, 'Assignment-4', 'lalalalall', '2023', 0, NULL, NULL, '2026-03-21', '2026-03-21 16:37:39', '2026-03-21 16:37:39', NULL, 'DeptAdmin');

-- --------------------------------------------------------

--
-- Table structure for table `complaint_attachments`
--

CREATE TABLE `complaint_attachments` (
  `attachment_id` int(11) NOT NULL,
  `complaint_id` int(11) DEFAULT NULL,
  `file_name` varchar(255) DEFAULT NULL,
  `file_type` varchar(100) DEFAULT NULL,
  `file_data` longblob DEFAULT NULL
) ENGINE=InnoDB DEFAULT CHARSET=utf8mb4 COLLATE=utf8mb4_general_ci;

--
-- Dumping data for table `complaint_attachments`
--

INSERT INTO `complaint_attachments` (`attachment_id`, `complaint_id`, `file_name`, `file_type`, `file_data`) VALUES
(5, 22, 'Screenshot 2026-03-07 213544.png', 'image/png', 0x89504e470d0a1a0a0000000d494844520000019c000002eb0806000000ca8e31dd000000017352474200aece1ce90000000467414d410000b18f0bfc6105000000097048597300000ec300000ec301c76fa864000046ef49444154785eeddd7b7cce75e3c7f1f76cc3641373586672aa398cf8c5d44a299443240a156a998ad284ee98dbb91c6269890ed414753359520eb1958832ca21a71533e6b030b2396e63bf3fae1daeeb6b8ada3eaecdebf9785cbf767dbe9febb0cbfdbb5efb1eaeefe572f7dd77670900804256c23a000040612038000023080e00c0088203003082e000008c2038000023080e00c00897d60f3ec0e770000085ce252b2b8be000000a1d9bd4000046101c0080110407006004c10100184170000046101c0080110407006004c10100184170000046101c0080110407006004c10100184170000046101c0080110407006004c10100184170000046101c0080110407006004c10100184170000046101c0080110407006004c10100184170000046101c0080110407006004c10100184170000046101c0080112e59595959d641673069d2242d58b0c03a5ce81e7bec31bdfaeaabd66100c0bfe4b4c169dab4a975c8988d1b375a870000ff92d36e527becb1c7ac43465cabc70580e2ce69d7700000c58bd3aee100008a178203003082e000008c20380000239cf6a081c58b176bdab4693a71e2847551a1295fbebc060c18a04e9d3a59170100fe25a70d4e9b366d8cc62647f9f2e5b572e54aeb3000e05f62931a00c008a70dce80010354be7c79eb70a1cad9a4060028784ebb490d0050bc38ed1a0e00a0782138000023080e00c00882030030c2690f1ae0839f0050bc386d70f8e02700142f6c52030018e1b4c1e1839f0050bc38ed26350040f1e2b46b380080e285e000008c2038000023080e00c0088203003082e000008c2038000023080e00c0088203003082e000008c2038000023080e00c0088203003082e000008c2038000023080e00c0088203003082e000008c2038000023080e00c0088203003082e000008c2038000023080e00c0088203003082e000008c2038000023080e00c0088203003082e000008c7069e8db2fcb3a080028da96fc38cc3a74cdb1860300c590abababd35d58c301806228e697d1d6a16b8e351c002886ac6b17ce70213800500c59dfec9de1427000a018b2bed93bc385e000403154a24409e7bb589f2400008581e0004031e4e2e2e274178203003082e000008c2038000023080e00c0088203003082e000008c2038000023080e00c0088203003082e000008c2038000023080e00c0088203003082e000008c2038000023080e00c0088203003082e000008c2038000023080e00c0088203003082e000008c2038000023080e00c0088203003082e000008c2038000023080e00c0089786befdb2ac83d7abea352bab7ea3eabac5bfaaaad7aca4aad5bce55dc94b5ee5caa84c99922ae15a42172f5cd49933e94a3d794629475375e8408af6ef3daadfe30f69c7d6fddabff788f56e01c0b89f7e9b621dbae6aeebe0dc50b6b45ab669a4a096f51418e4af2a37dd689d72d5fe38fca7e2d6c56bddaa9d5ab572ab4e9f3a679d0200858ee038897bdb34d4435d02f560c7dbad8bfe565656965c5c5cacc397f5cd573febebe8387dbff257eb2200283404e71a7b3cb8a5baf7be47b56ef1b12e9224edd8b64f3f7ebf53bb762429f9d0719d4a3babf31999cacaba2897122e72c90e4e56968b4ab8b8c8bda49b3c3dcbc8e7a6f2f2af5f4d77df17a0baf5fdac772b494af83d59f33f59adff45aeb22e0280024770ae916ebd5ae899171e54d56a151cc6d3d333f5d5c29ff47dec56ed4bf843199919722971e56b2f565959929b9b9b6ad4aca27b5b3554e7c7ee92ab9be37119870e1cd747d3bf51d49c350ee3005090088e61cdeff6d74baf3eac864d6a388c6ff9658f3e8dfc4e3bb7efd3c58b171d9615a4122e25542fe066f5ea73bf1a36aee5b0ecd74d897a7bd2975aff43bcc3380014048263d02ba31e55afbef73b8cadfd7ebb3e9919a37d89c997ac7914a60b172eeae61a3e7aead90714d4a29ec3b23933bfd5e4319f3b8c01c0bf45700ca8d7d04f23273da1068d6ece1ddbbb2759532744ebb79d49727537171aabcc8c0bf2af575d838777d5cd35abe48e6fdfba4f635ffd4c3b7f4d72980f00ff14c129641d1e09d46b537b3bacbdbc35f10bad5cf6b3e4e244bfe645173dd0fe76850e7d2477e842e645fdf7e54fb4e48b3887a900f04f386370aedd9ffb052cb87f1b4d98f6746e6c0e241d539f1e6f6ac5b28dce151b492a91a515cb37aa4f8f3795b4efa824c9d5ad84264c7b5ac1fddb58670340b1e05ac5abd968eb6051f3e22b1df5e22b1d73af7f15fd935e1b3e57a969a775151f9931eed4a9b35abe78a3bcca95d1ad75ab4992ee6c514faeae2514b7ee37eb7400b86221031eb00e5d73453e382fbed251cf86b6cbbdfefedb4b3467568cb29c6dade6322e665dd44f3fecd2e9b4736a7ac7ad92a4dbefb885e800f8579c3138457a935a70ff360eb1097fed737d11f5834ab839f16a4d3e5cdd5cf4c5821f14fe5aded16acf86b663f31a8062a5c806a7c323817a392c6fa77bf86b9f2be69b5f8c1eee5c905cdd4a68e537bf3844e7e5b047d4e19140877900505415c977e77a0dfdf4dad4deb9d7df7f7b89562eff59255c8bd69a8d95abab8b562eff59ef457c9d3bf6dad4deaad730ffd3e50040515224833372d213b96b325f45ffa445516b8bec9a8d95ab5b092d5ab04e5f45ff987b7de4a427acd300a0c82972efd2af8c7a34f7439d07928e69d6f4a5456e9fcddf717573d1ac7796ebd081144952834637eb95518f5aa71531ad356bc70c6d3d30435b7784ea29ebe2eb418dd69afe6384b61e88d0b2c8d6f2b52ebfac9e5a7420fbb55bd5d3ba1028328a54709adfedef70ba9a51af7ca2cc0b171ce614179917333562c8c7b9d77bf5bd5fcdeff6779853f88ae71b5ddde09e9a153b516bf764ff6e39973de1fa76714fb5b7dea0a0b469a0c67eee92dce5dbbc815a5b9703c55c910ace4baf3e9cfbf35b13bfd0e1c3b63580e22a3939451113bfc8bd6efffbe39ff0d6539f4d54d4b82005fa7bc9b3946571290f55ace3ad4a96e102b372bb76da3ee7ab639bb72bc66e5160bf673567d544addd335245fa730ac05f2832c1e9d6ab45ee599ff7ee49d6ca653f3bf5873a0bca8a651bb56fef1f92a4864d6aa85baf16d629b842816fbca017eff1b25dc93cab84759b356f62a48686466ae8c4efb5f4bb241d3b9961bd59c1498c514893fe6a54adbfee7f224607ed16d5bbcf5fb7d5c927824031526482f3cc0b0fe6fe3c7542b4f39daea6b0b848e1af2fccbd6aff3ae0eab40ff491edfd3c435bde19afcedd3ed0f8773668e9c20d5aface7c0ded3541f7df3943791b320114a422119cc7835be67e79dadaefb7ebb79dd7d75995e377eed70fabb64b92aa56aba0c7835b5aa75c1b359a69c0ac61fa764744de7e90c408addd304c6f0e69f6373bc5033478cec8bcfd2889115a1b1bac1e8e5f5da4a7a2c2b3ef3b5cb3fa4a2d86f7d7a2ad798fb761eb484deceded78a3bf7556a97baf6473ac651f56a37b3531365c1b12730e7e18a759c3036c536bdcab894b276a6dceb2c4702d8bea22c7f5d14bf789e5fc7e83833cb2e7f8a84bce9ccb1d5c71458f05389f22119ceebdefc9fdf9939931d7f42b06ae05377757cdf9306f8bbffdeb71cdb4e9aea8a5c1eadbd64f15bddcf3c6dddce579939f5a0f0cd69ccf2e77245619b558d5574fdde793b709c9cd5d9efecd34f8c39ebadc475dbdda8cd49bfd0254ab42dee395aae0a3f6a35ed0e82b3829c3c1e3399bcbbc14382058ed2d71fb4b6ede9a35b7bbdafb7ba8945bf69897b702fb056bd6c0b69ab5b8bbda37f29267ce32370ff906b5d6c4cf0af8d000376f738f051430a77fe7beb74d43d5bac547cafea6ce7d89c9d629d785c4bdc9fa75738224a9d62d3ebab74d43eb14838234fd8d7b55377b77c8b1adeb34edf908b56b3f43e3dfd9a683e76de315efe9a8a9a3f259fbf0f253608db3da12395721774fd0e8c804a5652f2ae51fa0a7ba5ae64b923c5437c85b69ebbed7e86e23d42d78b16212b30352ca476dfafefd9bedcc77372821fbb995aad34c1363272a2aa2b502af243c35fc15a804cdfb4f844282e72b7afbd9ec051e0a1cd8498115b27f9ff6110ebf8f67503385fdc5fd7fdc6db01a55ebaff07539f797ace86ab6fd3c8dea475cba79af86bf026f4851ccc419ea767784c297a728fb57926750330db64c079c89d307e7a12e797fef7e1af95db1f980e7d572732ba1b91f7e977bddfe7531cd77dcbd6a917d2857daba68f56a3f5733bf8ed7c1addb346fe20cb50bdba663922477d56dd329df3596835fce55af11eb149798a4e8115314fe5d6af6122ff9065926673bff4bac7a759bafe87529dab572b906856dcfddf1eee9572bdfc771b072ae5e18b33937882ae5a5ba5dbb68d6aa702d8ab857752dd31da52866f0148dff2c5e712bbfd7e8e7e2b42b337b919b74ecbb85b6df676bbca247446a896d0ba8e45651b5ae60edebca9d55dc94b734e89d6dda9518af8f43ded217768f55afaf653ae0449cfaddfb86b2a5f560c7db2549e9e999dab97d9f75ca7565c7b6449d3b972e497ab0e3edbaa16c69eb1423badc665be39452b579bee3d15692a4f9b1da9cb39bad86dfa59f6bc94c524ce83687a1e82dc772ff52af74d3bd0ecb6c32b46bf562c7c75a9da083399d2ae721c72fefcedfc14f3e50bb56919ab93c5969b9c1f050adaedd15b56988065f2e0e49499ab7d2ee7a628c120ee45c49d1e699ebec16a62826771f91872ade62b7e8df3aba47d1efdaef7f2ac4c7020a985307a7659b46b93f7fb5f0275dbc78d161f9f5e662d6452df9627dee75fbd7c724ef9c7d369927959077009d9d786d49cad944948f3367b2d780ec9ccc902da5b6fd3997cad4f993d6b17f287183a6858cd55d2d2314be3049c7724b574b4f8587eaa9fc36819d3f23c7ef624dd1b99c602943a9ab1d162aeeb4dde1d5aef64bfea593a95a6a192ab4c7020a98530727a865dedfacdfc76e755856381ed17bab5ed79255af2b6aeaddd685797c6ba9cb903e7a6fc1087db1c2367fc9aad7b524768cbef87aa8de1ed7462df3df5bfeafadb27b1dec5f9f42714f99ecc388a5b423f9ec3b3b6f1789a228315e1f874ed0fdada215773c7bac82bf7a0c317d4607e0fae0d4c1090ccafb7ffc7d09b60f3f5e6bcd9eefa38f22fba8cf43b5e457a9b44a96b45be8eaa692653d55bb454bbdf25ade572714a47d7b8fe4fe6cfffa148a402f55ccf93933efafe8b49c35821bcaa966be07ccf9eb36bfecc37c33337277a03badc41885accc0baa5765cece0d1406a70d4ef59a9555e5a61b25493bb6ed5386dd1bdeb552a5471fbdd2a396aa9494a44c9d888fd7aae8959a3c3e4a93c7afd4d72be2b52bf99c6d72216ddac8c8c8d0ae1db61d24556eba51d56b56b64e2920de0a6b532b770de760fcf7b94be66dcb7973f656f317f339f4b97b2b35ce79cf8e4fd03ccbe26ba3b5de5cda5f7d2fb315b245b932d6a16ba48c2ae57b941e50f4396d70ea37aa9efbf38fdfef944b896b7d1e9ba6ead7ad966e90a4f4135a37f52df57cee134d7e7b9556add8a2552b56e9ddf19f68708f717a66dc4fda5350fb1b2c4a9470d1daec0f81caf23afd5b4fcd19a94573823531e259cdfa214c3d1a642f488dd7923179f30e0e5e97bb09ca33a8a3e64475578f367e520d7f7519da5fcbc60764af199d55dce7f32f3da8e01af1aa11a0014b23f46d6ca8260ebd57edbb3653fb17bbebcde8717ab36df631de3aab9d2bedcf72669a971a77ef7465876a03458cd306e716ffaab93fe7fc457f4d3d505f756c273bd0e9ed3fe9f52f4f5867e4fa23f62bbd3420efa49b056dd7f6bcd7c3fe75fad74a9553adfb9aa97dd7c60aac91b3492c5571d3e65a3e0f12a390c1ebb23fd3e2ae8a41f72a2c7298b6fe10aad12f06c8b794246528617ea442663adcd009b8aba2bfbfdabfd85d1323823571e8bd6a1de89d7bca9b632b9769d43578ce1faf3b6cf7799ab69af5c35f9c690028a29c3638d56be69db337f950ce1edd6ba89cbb7276d79c3a79c8b2d0acc376af87fdebf46f9db73fda29334369bbb7e9e3819315e270186eb69573d5f991f98a5e979cb74f4792ce9fd5b1f86dfaf8c5b1ea3cd8f1d0e76b2b4653c62c574c5cb28ea566e87cee1166d2f9d367752c3e5ed123a6e8fee07c0ef336e1ad48852f747c2dcf9fccc88d10501cb834f4ede79467c1fcf4abffe49e1dfa91d6a3956e641fce237a6f5553f9493abd6999babdfc43dea2077a6b6e98bfca4bd2fe8d0aebfd85b6d8ddd2247777772d5a693b89fdaf9b12f564c737ac53005ce77efa6d8a75e89a73da351cef4a39dbd4a5f319767f8e5e2b2b7ed0969c3f7dab37d62b935aaab6658a2919e979f1b57f9d00c099396d70bcec8e1acaca72860f7c2668f2f48d4a4a972437956fde466f7f3dd076d49a756a21bb68b74e6aff3a01803373dae0942993f701976b7f845ab6755f68d4a49fb4e754f6f5b295d4f2f93efae8cb811afecc6dc6c263ffc573f6af13003833a70d4e09d7bca7e624b991728e407b68bade5d7154a72f640f96aba4a0deddf4debce7d4efe1f2965b143cfbe0d8bf4e00e0cc9cf6ddeae205db66b4acac2c656539db710d87f4f5f8b7d4ad7794e6afc90b4f499fea7ae8e581fa68f41d85bab663ff6ae4bc4e00e0ec9c363867ced8ced2e5e2e2a2ac2c675ac7b173708b3e19610b4ff4a613d9e71573539596ed34e6d5423ced8c5d71725e270070764e1b9cd49367727f2e61bf0dc9940b577164dcc12dfaf0e5297a7eea76fd917d50815fbb8e7aa5a9756241c97b3dec5f270070664e1b9c94a3395f7422b997ccf92e5d738e1ffdc93af4b7fef8f23345c41ecdbe565ef51eaa659951304abae79da8cdfe75020067e6b4c1397420efd3ed9e9e860efd7dac82b2cf5ea3f49c23d1aed296d823ca39af75d9720578da193bf6af87fdeb0400cecc6983b37f6fce9a82e47353e11ff92549b735286f3b39a74e2829ef7bceae4e1d0f95cdfe31fd6ce19c98dfa76a4e161d5f270070664e1b9cdfe3f3ce57e65fbf9ac3b242e1db46bd9b6787ede07eadd868593ee4397d34b5a31ef8cb6301fc15dabe7a76b432f5c7aec239f94dddfa79dfd762ff3a01803373da73a955af59595fafb19d2f6cd78e240deaf79ec3e74ffead2e9306ea81f4edfa7acd11e9e6067ae8e106f22b2b49e7b465fa38852db0dce0d5815ad2ce76a2ccd3c987b47bd75125fd1eaf9d472555aaae668daaebb64655553efb24cbe97b376a7470c19f6f2deb6296de7abfbf6ead678bf0432d466bbfdd97b201809cf45c6a4e1b1c495ab9617cee97b0756a354a17aee6c8b1bfd165ea08f56952da329aa9a4659fe9f949f19671c7e0fc9dd3f13f69c6d8afb4aa104e3bece6eaaa2f63c74a92fe38fca7da340bb34e0100a70c8ed36e5293a4b875796ffc356a16ec47298f1f4dcb3b53c0854c9d3e7a48abde7e3fffd848d2a48f15f6de4fdaf0eb519d3895a9f49cdbca76fbf453694afa75bbe64f9aae6ecf154e6c24e9e69a3eb93fdbbf3e00e0ec9c7a0da7c323819a30ed6949d2c2ffadd147ef2fb74eb9ee043fdb568f3ed14292346cc06c2df922ce3a050058c3b95aab566ecdfdb9f36377a9848b533fdd4257c2a5843a3d7a67ee75fbd7a7c0d4efa491d343f5e283d605d9ea77d2c8e9cfeb89fad60500f0d79cfa1dfcf4a973fae6ab9f2549ae6e25542fe066eb94eb4abd809b5532fb43b0df7cf5b34e9f3a679d02004ecba98323495f47e76d32ead5e77e5db84e4f567921f3a27a87b4cebd6effba004051e0f4c1f97ee5af4af83d5992d4b0712ddd5c236fa7f9f5e4e69a5514709bed2bb7137e4fd6f72b7fb54e0100a7e6f4c191a4f99faccefdf9a9671f506686fd2162c59f6deda64dee75fbd7c319d40d7e5e93a787e65d2674525dfb09d9fb852eb7bcd590504d1ed2427af0f1ec398fab95dd7200c5439108ceff2257e9d081e392a4a016f5e45fafba754ab1766b5d3fdd756f0349d2a103c7f5bfc855d629d74cdde0e7d5a7e9492d7f2142afbc10a1575e58ae4df6a7777bf0714d7ea1a68e2fb65bae9aea638d9277038d6c78207bceff146bbf0c40b150248223491f4dff26f7e7c1c3bb4a170bf0b403ce2ccb4543fefb68ee55fbd7c119f87a9792f61eb00b44bc3e9bb258bb2449fe7aa2656569ef2f7a27f769c7ebb3397b95e65553aded8f84f33aa9b553d6d80d00286e8a4c70a2e6acd1af9b12a5ecfd190fb4bfdd3aa5d8c9ca92dab4fd3f55af515992f4eba64445cd71ae37e58329e7a59affa791c1f99c64aebebfea789dd7a6a596e7bce3848e4baa50d5ee36a9a755489f9505e0248a4c7024e9ed495fe6fe1c3af411f9f8783b2c2f6e6ebaa982060eeb927bddfef77716bb22dfd32b8b8fc8b369db4bf7cff8dd204f95529317ecf6df4c0fd5e4e9ffa74b0e704f3991bd5604a0b82a52c159ff43bce6ccfc36f7fae849bde456c2fc97b399e0e6eaa631939fcabd3e67e6b75aff838153d9e4b7f661cfef0679eaa4fed86137f6cdffb2f7bdfca27d5e35d52767a77fd269a5e9bc364dcfd97fe378191b69e0f701e0348a54702469f298cfb57deb3e4992dfcd95f4ec4bed7521d369cfcef38f5cccbca89017daa99a5f4549d2f6adfb3479cce7d66985648d76ee953c6ff577dca99fad55c3ca967d36f6d6e89de97b95a672aa523f275ea554a7f965e205e0ba52e4822349635ffd4c17326d1f00edd0b9b91e79ecaedceb455d66c64575ee76b73a76b943ca3e247aecab9f59a715aad8a5b69dfa7d86d8ced996a36ef0f36a5bd3719f4cab218e8730d76d5ed56e0d688d62369e9767d3b69653e5f8eb892196a3d400147b4e7df2cebf627f624f490a7fed73adfce617b9ba16dda3d72e5ec852eb07ff4f83ed8e4abb7627e86ca117adfb5a52f7eac3613947a0d9b41a12aab635ed067444cbad87353ff8b82677b21df89063dfe288dc23d75a0d09555bfda257384a0d2830ce78f2ce221b1c490aeedf462f873d927b3dfcb5cfb572f9cf72752b7a2b6e991917f540bbdb1d623375fc178a9cb1d2611e005c09670c8e6b15af66b6afd52c82366f4890ab6b09dd7ec72d92a4a07beaeb54da39eddc96a412258ace9acec5cc8b7aa4fbdd1af04ae7dcb10f2296e98388650ef300e04a850c78c03a74cd15e9e04852dcbadf1ca2d3f48e5b55eec632dabc214117b39c7fbf8e9bab9b9e0b7d484f3c7d7feed80711cbf4cee4af1ce601c0d570c6e014bd6d4ff97867f2579a3afe8bdceb1dbbdca9773f79c9a93fa7939525f9f854d0f4d903720f1050f666346203a0382a16c191a4c8192b356cc0ecdca3d5aa56f3d687f306e981b64d2567db4b95e5a207dadeae0fe70dce3df4f942e6450d1b309b7d36008aad227dd0407eea35f4d3c8494fa841a3bce3abf6edfd43e1af2f54fccefd72737775986fd285cc8bbab5ae9f86fcf7d1dcd3d528fb7336635ffd4c3b7f4d72980f00ff94331e3450ec8293e395518faa57dfbcfd2292f4c3aaed9af3618c12f726cbcde0916c17322feae69a55d43ba44dee599f73cc99f9adc10f7502b85e101cc39adfedaf975e7d580d9bd8beb82cc7af9b1334f7c3efb4635b62a11e5850c2c5f6b5d8bd435ae77e795a8e5f3725eaed495f9a395d0d80eb0ec1b946baf56aa1675e785055ab5570183f772e5d4bbe58af55b15bb56fef11656464fcabc3a9b32e66c9dddd4d37d7f4d13df73754a747ef54c9928ee77a3b74e0b83e9afe8dd39df51940f14270aeb1c7835baa7bef7b54eb96fcbfa67ad78e24ad5db55dbbb627e9f0a1e33a75eaac32d23374314b7271b15db2a4ecffe3a292eeaef2f42c239faa1554b7be9f5adc1fa05beb55b3dead94fdb5d0f33f59ed545f9e06a0f822384ee2de360df55097403dd8b1f0bf53e79baf7ed6d7d171fa7ee5afd645005068088e93b9a16c69b56cd348412deb2930c85f556ebad13ae5aafd71f84fc5ad8bd7ba553bb56ae5569d3e75ce3a05000a1dc17172d56b5656fd46d5758b7f5555af594955ab79cbbb9297bcca955199322555c2b5842e5eb8a83367d2957af28c528ea6ead08114eddf7b54bfc71fd28eadfbb57fef11ebdd02807104070060843306c7dc87510000d7358203003082e000008c2038000023080e00c0088203003082e000008c2038000023080e00c0088203003082e000008c2038000023080e00c0088203003082e000008c2038000023080e00c0088203003082e000008c2038000023080e00c0088203003082e000008c2038000023080e00c0088203003082e000008c2038000023080e00c0088203003082e000008c2038000023080e00c0088203003082e000008c2038000023080e00c0088203003082e000008c2038000023080e00c0088203003082e000008c2038000023080e00c0088203003082e000008c2038000023080e00c0088203003082e000008c2038000023080e00c0088203003082e000008c2038000023080e00c0088203003082e000008c2038000023080e00c0088203003082e000008c2038000023080e00c0088203003082e000008c2038000023080e00c0088203003082e000008c7069e8db2fcb3ae84c1a37ada5ff8c7e54be7e15ad8b949595a5e55ffdac8923a272c7868eeba6b61d6f978b8b8bc35c493a98744c6f8cfe5c9b372658170140b1f2d36f53ac43d79cd307e7b3afffa380c635acc30e860d98ad255fc4a9c323819a30ed69eb6207db3627ea8987deb00e0340b1e28cc171fa4d6a396b368daaf5bfe4f265d44f92a44a3ee51cfefb65d44f97cc6d54adbfc3fd0100cc72fae000008a0782539c848fd4d603e19ad5d7ba203f3db5e8c00cad8d6a6d5d50248c5e35435b0f8cd468eb02004e8be01498d69ab56386b61eb05c1223b461c7442d8aeaa91e8dacb70180eb07c12968a793b566e1062d5db84131eb9294b02755e9a5bc542b2848614bc31535be997cadb70180eb80d307272bcb7610ddb8377b5f72b9c1b374ce2487ffdee059fa92b9e3deeced707f85e6c249c585466a6868a406759ba0cead46e8aeda2314f2fa661d3cefa1babd7b6ae2106febad00a0d873fae02cffea6749d2c3ddeeb8e4d2ba5d635dbc98a5b5ab764892d6aedaa18b17b3d4ba5de34be63edced0e87fb332b4571ef7ea07661db744ceebaedc9eeea629d0200c59cd37f0e47923a3c12987bc8b3832c5b6c7edf752877e896ba557557cbfa523e1ffc3c9a7c524bbe88b30e1790d69ab5a38b0215aff0fa11fad8ba5892e4adb06fc6a9478354ad091daa1716da467d3b7751d8c0bb1458c343a5dc246566286dcf664deb13a9798979b7f6ed1daca9030254b352cebcb33ab666a5eeefb5dc36217ca4b6762fa7b8316f29262058031ef2916729dbbc83716b35be5bb4d6e4de5b4f2d3a10a44aeba2d5ed6b3f4d1d10a0ba37794892ce1f4f56dcfc68bdf0fab6dcd992a41acd34785c3b7509cabe5f493a7f5609ebd62abc97fd7d4b929f7a44f4d4b36d7c54d1cbdd36949aa2b84fe72bc4fe7e739ef3eb8b75ecd14e6aefef21a5e6bd8697bc36a753b565e1421d0c0a56fb3ac98aae36960307807c38e3e7708a44708a862b094ece1bac8f12e6f757e7c1cabb5da954ed5a17af84e3926740805af87be87cfc3abdd06aaee224a97b7f7d1b1ea08aa9c95ab33249697257c5dbfc157861931ab59a6b77dfe57470b7e45bf964f63c0fd56d13a05a5ed2c1af67a8ddf3396ff6d9c1d91aafa3feb5e4151fafb8dfcf4a157c1418e4a78aa5ce2aeef5f10a7937c536bd466bcdfaa28b022b4969bbe3b57e4baad2e5a15af7f8ab6e25779ddfbd4e835acecd8b4ef6ef993bb794b702dbd4b2ddef98c10a99693faf9c8e1d95ceffbc582f877caf5d39f7d1a6a716bd17a45aae67951017af5d873354f2263f350ff456c90bee2a558ae000974370fea1e2b38623a95fa8d60ef7d751bbe0bc195d4b71833eb05b9b09d09b1bfaabf54d295a7af7080d4d947a7c16aeb07ba4b8d7072be4ddbcbbabdbc84fbbb626d9ae64bfc9eb78bcc23b45e8e39cfb6bf3ac96453696efd16d1ada6486964ab9c1a9254b58ece71fdeaca1cd3ed052494f45856b70909b12e6cf54e7c1f66b3ede7a2a2a4c83833cb42b7284ba8dc8be9f374235e764ac7ad9adcdf80e1fa645fdfc94be2e5a77758bb10de63ce7eddfabdd83f3753077b6bf46af0a55973a973e3fdfdefd35677c802a8ae00097e38cc171fa7d3843c775d384694f6bd0f0472ebdfcb78b16ac18ae5bea5695b263b360c5700dfa6f974be70e7f4413a63dada1e3ba591fc2acca65e4e93010a3415dec632349dbb465ef59496554b18d6d24e1f819491eaa775f5bd5b59b991b1b3b07bf9b9b171b495af9bd7626492ae5ae4a76c392a4a4787d601f1b495af98162b64bbac94ff7d490a44e6a7d9b8774345e9f38c4469252f4f17f36294152dda07679c3ff8970888d241d7c3d4907257956f6711897a483bb62ec6223a946909ad791b43d4ea32ccfefe027f315e7f07a01280a9c3e386d3bde2e659faec67a8959b659254ab8d8d66824ddd5b2be4a947051ccb2cd97cccd390d4ecefd5d2b8137959194a1b4c376838d823420225451b123f5ed8e086dd8334383836cfb5372c44df95e6b9232e419d4495189e15a14d5534f05e577b4db591ddc650988e2957a5e925739d5b42c494b4ab06db2b33876d23e785ef2bc413a9f7440d1d689929498ac63a9922a79ab47eea0b702fb75d7f4e8915af463b836c447684362906a39dc30473ecfb98d97bc241ddcbbd9314492a4149dcbb48e0170764e1f9c9cb33e8f18f4c92597d369e7722639fcf774dab94be68e18f489c3fd5d1bfeea12e02d65266be7e7b611df7ea1fa76714ff57db8967ccb48a9bbe215fbf506c5c49f75bc69628c5eb873ac425edfa02d87a55a41411a1c35528bc2031ce7495281bd1967e8fc71ebd89508d0e8d8919a35fc5eb5a85b463a734c5bbedbacd8a8041db34ecd71b9e77cfeb2b70050c4387d708a9316e1ddd5aa869416b741e31325c95b7dbbfbaba252b4b46fa8eeba73ac3a7799a1a1a191da625d4991b20faf8e54af3b07abdd8b31da95eaae5addbb68f45f9f4cfb2f7956f6c9e783a8febacdcf43ca3ca984859294aab4d35229bf6af91fce5dc34715bd241d4ed23c49eadb4a6dfcdd95b62e5aedea0f55e7561314f27ca486ce48d179eb6d2fe77886ce4baa58f32eeb1249fef2ca394a0e409141708cf0538f88919ad8dd47a58ec7eb83ff64ef305780aa559074e69876aeb49b5e237b9f891ddf467e0e6138b8285a4bb6d9367b55fa375b09ebf86b7067c74d73be433aaa859f743e3ede16102dd6eaed1952257ff5be648dca5b4fbdd144b594a15debbeb70ddd524e9e92520f6f72d81cd66268ad7ce276190b7f5342aa54aa51334dccde8f95a3eef02e6ae1e73806c0f9119c82e65a4e8111c19a1811ac37a38669d1aa895a9b384c615d7d5432699ba6f5b43b7a4cdf6bfdee0cc9cb5fcffe10aa37238235f1bd215a16db4abe671c37a9b5feef402ddb3a52b3deb3ddf7c43923f56ca0879494a079d99fe7f927ce1f2fa3166f8569d19cece71c3d4e8b06d652a9f3c95a32253a371833077da5b8e3eeaad5bdbfd6aeca7eae11fd15b569a4060779286ddd577a794cf66ad9d7b683037c1f7a4551d9f73b3d365cd39bbb5f7e93da2562f4c1d7c93aefe6adf6ef4dccbb9fa51335e719771db4df0706a048203805ed061fb5e8da4cedbb3653eb203fd5f2f3900e2728e6ad4875be7386666e759c3e7350b496c69f55c96afe6addb599dadf5751c7e6cfd5c7bf3bcedbb9fdb08eb9792bf021db7db70f2aa7d45fbed7f8c73fb07ce0f2eaa4ef5aa6519f1d965760f673fe3f2fa5efdea68f9f1fabd1f66b5d89310ae9345ff3e25224bfece7da3540355d5314f7c97c75eb667794d9ea488d7f375e07cf7ba9ee7db6fb6dec1aaf694f6d53aadd5dfe9db8ff8cd5a077b729e1b447defd543aa9d831d3b5f9b475360067e7f49fc3e11b3f01e0ea39e3e7705cab783573eacfcdedf9edb06ea95b55eeee6e3a7736dde172f6cc797d31ff4745ce582149fa7dd741952b7f837cfdbc75ee6cc625f3f7fc76486f8cfe5cc9874e581f06008a9590010f5887ae39a75fc301005c3d675cc3611f0e00c0088203003082e000008c2038000023080e00c0088203003082e000008c2038000023080e00c0088203003082e000008c2038000023080e00c0088203003082e000008c2038000023080e00c0088203003082e000008c2038000023080e00c0088203003082e000008c2038000023080e00c0088203003082e000008c2038000023080e00c0088203003082e000008c2038000023080e00c0088203003082e000008c2038000023080e00c0088203003082e000008c2038000023080e00c00882030030c2a5a16fbf2ceba03329eb595a038775d6ddf707a86ab50ad6c557ec50528abe8ff955d3de58ac5369e7ac8b01a058f9e9b729d6a16bcee9d7705e18d251dd7adff3af62234955fdbcf578704b3d37b0bd751100c000a75fc3f97ce570dd5acf575fcc5ba725d171cafa07cfd6c545eaf4d81deaf4d81ddab52d49ddda4eb04e018062c519d7709c3e38df6d9a28ef4a5e7ae4fe71daf3db61ebe22b764bddaa5a18f35fa51c4dd57d4d865a170340b1e28cc171fa4d6aaeae05f3142f5eb475b5448982b9bfeb434f2d3a30436ba35a5b17fcbdeecfeadbc419da10db5381d66500ae4bbcfb168646410a9b3352dfee88d0d60333f22e8911dab0b4bb7576f1e4e5661d01709d233805aceec0fefaf68b9eea719f8f3c335395b0355e310bb7694b7cb2120e674aa5dcad37299e66ced0fd35faab59abb98ab32ebb52039fd5b2ad1335bdaf750180a288e01420df7ea1fa7048802a2a45312326a859a311eadc3e42834267a857abb1ea7ce760356b35d77a335c8e9f8f7c2bb8ab94751c409144700a4c6b8d19e02fcff3c98a7e7e84064526592700c0758de01410df71cd14e8251d5c19add12bad4bff42a37b3571e944addd93b7af67c38e898a8ab857be0e13f376e0b7181eaa653b72f60b852b6a7c33f94a96f1082d8beaa2160ef7d15ab376ccd0d6553da5365d347d55b8362466cfcff731f3e7dbd972dbc408ad8d0d568f1af6b3f23be0206fac6e70b0166dcddbc7b5f6c7feeadbc871ded6ee3e923c14382ae73986eaa9ec192d86f777b8fdd63de18a7aa359de4301703a04a78074b9cd47528a767eb6cdbae8f2daf4d4a22fbaab7d230f9d8fdfa6a50b3768e9d7f13a282fd5edda5d5151ad2f0d40d5208de95d51c7566fd0d2af1374f08287eaf6eea13111a19ad8b7baceffbc414b176ed696a3926f506b8d890cb2de83e4e6ad59e1add558fbb5e64bfbc7eca2e9e101d6d916ad35667c6bb5f0cbd0de351bb474e106add993294fff661afce1151e915635481f8e0a90b66cb6dd3efeac3cfd0234604670f6ed1314bb708396fe922a294309dfd91e67e9a2edda29c977d430bdd92f40bea79314b37083962edca65dc7dd54b14639eb2301702204a780787bb94ba74f6aef6aeb92cbf1d7e8e141aa55eaace25e1fabfbdbcfd0d0d0480d7d3e429debcf50f4ee0c7906b55698e5a036cf1aeedafce208f57a3e52439f9fa27613e395260f0576ada5a30b23d5b957a486867ea05e8fadd3ae4ca962e3c6bae4dc0a35fce5fbdd0cddd5324283b21fb35dfbe5da72da5db5ba76d460eb7c8bd45d9b35bed55075eb15a9a1a1917aa155a4620e4ba5fcfdd5c5612d277f9e35ca69e7a4f1d9cf35fbf649b6e7f55457495aa769a1911afafb1949993ab6da366f68588ce224f5bdc74fa594a2d8c7a7d89e7fe80c756b3656fd5fdb647d28004e84e014a40b194ab58e5dce3df7aa791d49dbe334eadd14cbc26d1afd6982d2e4a5c60fdfebb8283141e1f69bec66ee55c26949a793143bd86eed2a3146090724952fa77a76d32549a713b434d4b22696b858ff5b972ab95554bd7e8e8b1cc56850970f342fd17e6c9bb6ec3d2ba98c2ab6b11fbf8cc46d96df799b6276a54a7257a9ca76c39771f06486242fd57dd9b629d12645bbb65a5f4700cec4e983f34f4e65931f0f8f9292a48c8c4ceba2827141925745d5bb82bff02549fe1ef2927470ef661db42e93a499293a2ac9b38a9fc370daa124cbfc333a7f21bfd8a5e85ca6243777793a8c4b3a9aa268eb98a4a5c7cf48f250c53ad625168d823420225451b1b6cf1a6dd8334383833cacb32eebd2dfe12a1e5bd2cc77d76957aabb6a750dd6b2f8898a9ad5495d72f7ff007056452038b6e2e4fcd7d3cb43cdeebcf5aa2e8177f9ebe5ff3e22494af83dd9e1fe0b4adcfe5449deaad5c7dbbac8f964665cf2866f2ffd2f56d37cfb85eadbc53dd5f7e15af22d23a5ee8a57ecd71b14137fd63ab5f0ac9caf6ef5276874e43625a47aa86edbb61abd78a266f52b02af3d701d73fae0d82b77e30d8a5c38481f2e1878559759f343d5ecce5b75f162963e9cfe8df56e0bc4d2c8781d9454f7e19e7aea4ad672e2cf2a55926fcdc6971e1820497dbd5549d2b1fdf1d625ff5e65efdca3bdec0db8c55b52aa8e5ef6b8076ff5edeeaf8a4ad1d2bea1baebceb1eadcc5b6ef698bf1ad59498a1e31439d9b85aadb88cd3a282f050ee899efef05c0391499e094bbf106cd8a0ad5adf57c75fc589a36fef4fb155f36fcf89bbe8cfa49c18fbea9f53f14c21bb824ad8ed4bcd567a50afe7a7181fd21be97b1fa7b6d4994d42050632ef9cb3c40a39fac254fa56ae7f20d966505c0ab963a0c77dc54a736cfaafdffb94b47f72b76a1e3a23c01aa5641d29963da69bf1fa94627b5beedca37a95d1d0f55bcc571a46e23c7e7be2b72a1b61c9054a68c2a3a2c01e04c9cfe6cd1ab364f52858a9e3a92fca72afbdca894a3a97aea9170ed4f3c6a9dea04023438baa79e0af49224a525252b6177920e1ef7906f4045797a95936feaa6bcb30db4e9a945ef05a956a90c1ddb1aafb8dfcf4aa5bc54f71e7fd5f2ca50c2fc99ea9c7b20404f2d3a10a44aeba27557b798bc87546bcddad145818a5778fd087d6cb764f4aa19ea522759d1d5c66ab4c3dcb34a2be3a6d45fb66b4b528654c14f2d5af8c8d3edace25e1faf90dc1dfa973e66dfe8080d0874575a62bcd6ff9caaf452debaad8d9f4aa566aa6225296ecc6085ccccffb6f98f650b1fa9addd7d9430bfbf3ae71c26d737546b47f9cbf3789262be4b96979fbbd674f9403557cd50871b9214b72e5969924afad5528b406fe997e5eadc69f15f6e2e04ae179c2dfa1f2851c2459254d9e7461d73ead848d236857719aa6e2336684bd25995bcc947b7ddd74cedbb06e8367f1ff97a4969878ee54d5f39579d9f5fac98f84c79d60f50fbaecdd4fe217f553a9da49829f6b129604736a9cf5bdb75be4e63db63dee7231d4dd2d230fbd8e46fe6a0682d8d3fab92d5fcd5ba6b33b5bfafa28ecd9fab8f7fb7ce2c0033e7ea8395293aefe5a7d65d9b29f026e9a8a4bddb92955ec14f2dba3653fbaecdd4fab6323ab87cb106111bc0a939fd1a4ecef7e11c3b9aaae0ae6f6a5fc211eb145cb1ec359c23ebd4a825e774038a33d670fe0157d7123a91724a4f3f124e6c00a00873fae01c4f39a5a7bbbee9c49bd1000057c2e983d3afe73bdabbbb703e3b030030c7e98373f8e071eb1000a00872fa83060000578f83060000d72d8203003082e000008c2038000023080e00c0088203003082e000008c2038000023080e00c0088203003082e000008c2038000023080e00c0088203003082e000008c2038000023080e00c00882030030c2e5feff1bca574c034031f3d59a11d6a16b8e351c0080110407006004c10100184170000046101c0080110407006004c10100184170000046101c0080110407006004c10100184170000046101c0080110407006004c10100184170000046101c0080110407006004c1010018715d04c7a5848beaf8579577252feb22008021c53e38751bf8e9e3e8c17affb3018a5a3e4c23273da1323794b24e030014b2621d9c80c635f4e6077de5ebe79d3b766feb861a38acb3c33c0040e173b9ffff866659079d858b8b8bee7bb0910283fc55d9e746ebe25c8b3fff49ab566c75180b685c4393de0956698f92fa65fd6e4d1cb540b7f857d5eb114f49921eef30494792ff74b80d0014175fad19611dbae69c7a0de7f1e0961afe7a0fb5e9d044b7dd5ef3b2972a9618d50bf0d31bd39f51698f92dab4618f860ffc5829475395b4ef68ee9cd2a5dd1d6e0300285c4ebd86333b7a90fc6eaea4af3e5fafef2c6b30f60e1d48d1d13f4e4ad9b199fc6e883cca64c726f4639d3f9f218f3225f5c68c3eaadfb0bae2771c50ff5ed3ad770300c5066b3857a952e57292a4f99facd6969f132e7bc9898d7f836a9af29e2d365b7edeabb097665f129b3367ce6bc27fa32c8fe4ccba2af2e709faf2fd16d60585a7534f2d889ba065515dd5c4baecbaf62ffe2dfcdaebfd1f272876c5d37accba0cb84e3875705c4ab84892b2b2fe7e25ec96ba553579461f95f628a96d9b1335eca548a5a767caa34c494d7e3744f51b56575aea59bd1cf2bec3a6b58255550f8feda74f63c729f6e7090e97f78759e73a314f37ebc8bf53bfa95e7afb652d5865795de2c669d99c4ed6d9c553550f95b48e01d719a70ece95aa59c747e1eff7d50d654b6bdbe644fde7858f74fe5c864a9576d7e47743542fc04f69a9673530e47ded8e3f6cbd7901f1d79085fdf45287eaf2519af66f8e576ccc1eedde7344c97f66aa64517ab7f974b61e0b1ca676dd166a53ee60630d991da62f3febea30f5efd409795a0b3eecaa87efaaacb217d2b47fc71ead5912af1d7b8e68ff1f9952a9eb645fdafa850abe73985a3d305b0baccbae54484f7d1a1ba6f14f5a17004543910f4ecd3a3e9a3ad3169b9ddb921c62f3c6f4671c6293b8e70febcd0bcea007d4ae869b4e6d5caa275bbda1e03eb335fed5597aaedb543dd96a8482c7586f50d478caa786a7ca5ec547987c7a8728bc9fbf2ae884d64c9ea676adde5070af591a3d72b606749baae08e63d4aedb42ebcd7039be95e473a33b6b4a28b28a7470aad7a8a4a933fbcad3ab8c766e4bd22bfd6639c426a0710d9dfcf374e1c746d263fe15249dd3efabd728d9baf0bad442439ea9adb2e947b4ecd537347ade21eb0400d719a73e4a6de9bab12a55ca5d4f767c43c9874e382cab5ea392a6ce7a4e3796bf21373667cfa4ab6449374d7eb74f6e6c429f29cc7d36799abcfe1f4d695b5ec931b3f5e4abf1d6c50e1e7b7f949e6f9aaa65b74fd51487252d3465557b3549d9a8565d73fef2efaac89f9baac2c6a57a6e65558d79a6aeea54292d494afff388362d5eaab008bbc71bf5b2623b7969d39bf3b4fb9e87d5ae4979957595f4e7217d3979aede5e5e59cfbf6f377ee684367dfea586d8df87dd633efcdc9aece76b7b4c7bfb170fbbec9a9bcf2b03f4698faa57f47a38a87fa7c286dda7e6753c5536fb4ff9f4b434ed5ffd9d468dfcd12ee679afd593ff73d3847e01aa7ea39b742153c93f7dab512f7da7538f76cf1b97746acf667d3478bebe4cbaf43e5a459cd5f8d0666ae2575a255d25a5a569f7258fe9f8bae4f069db5e2ff5b5bbed854c9d4adc76f9c7cae7df76f0775535bcafdd733d14afa85767ebd31d79f3aae7dc558eb43d7aafe52c2d90d43cf4693ddfa976eeed957e4ebb977ca9e75edb6cbd15ae131ca556804206b4bd2436a54ab96bfcdb4f2ba0710dfd79fc9406867c60243692b4e9bd1fb5e94fc9a7f5d35a30a7ab1eae6f9df12f95f1d784c101aa90b24fb14b362b76ed219d2a5359cd7bf7d094dee5adb3755397ae7ab86a9a362ddfac359b4f28fdc6aa7a78685785bddf438ff96768fbf2cd8a8dd9afe36ee5d5a477578dff8b7df7bbd76e52ec9278ed3f232965bfedf1976cd69abc1d3c9768dfa0b2a413fa3dfa2a62734f57457ed849adea7b287d77bced7162f628599eaad3a193de7fbf857cacb7f1a8ae09a175a5eddbb29fa39b7cee7a40c3a7f4d484c1012a9b68bb9ff57bcea96cedc67a7e52fb4befc3b5bca68c6aa1063aa8f5cbed1fb3bd268cf2b7ceb668a121435ba879d50cedffc9f6baac4fccb43d56f8151ee557a5a9c207e5fc0ed9cfb5aabf9e19df3dfbf6fbb466c966c5fe9a262953fbd7da1e27f69b78ed96e433688046f7f697cf9943b6794be2b5fb849b2af8795a1f09b8a68a64705c5c5cd4b8692d4952f8b8e8dc359bd7a6f6569366b5f5e7f1530a0d795ffbf71e912455aceca5a79e6badae4fdc65b9a70294b4464306acd0fa4399aa50bfa95e9a3d4e9f7e5870e1295bdf5729efbea9c77acdd6f891f335fea5697aecd5ed4a566935e9d141ad1c6697964fc9fd1addf15d8d1e395fa3fbbca18f369e933c6bab55a3542d1b39556123e76bfcabef6a40f421499ebae5bec60ef7606fd3278b357ee41ea55c909476c4f6f823e7eba3c5d699792a78ba4967d2b47fbd75c9e5d4d690d0a6aa5ef29c3645d8fd9eafce5270cbd95a9698a9b24d5be8256b18ab54d0a9cfde56f04bf3357ee46c05bfba51fb2f48d5ef6ba00a5b5768409fb91a3f72bec2ba2dd1fa14a9649ddabae4c4467eb575d3dad97ab8eb2c8dce7ecc277b7da71d67dc54bdc3037ade3adfe2d49eed7abbdb783df792ed7509eb364f6bfe904ad6aead767ed6d9972aebe7a5dfdfc9f91db26f7fc8f6bc1eeb20491bf5d1c8f91abff7aca44ca5acb7cd1b3f618d3649ea79475595d409ade96ffbf71e3f72b69e6bffa686456cb33e14704d15c9e0dc5acf5737942dadd3a7cee9c0fe636a7ac72d7aebc3e7f47fcdeb28e5589a4243ded7817dc772e757ac544ebd9f6da5ae4fdced703f056ec7770aeb3842cf4ddeacdd7f4a3e8d9beaa5d9619a16fa777f255f81437bf4e9278e9b15b57aaed6c44baa5255cd2d6f6cc99b96c8febd7ec1e6234a97941ebf5d5356dbcd9b7744c9922a54a96a37bb805cc8509a75ec729adfa9263524c56fd214ebefa9784d89dea753f25483b6773a2e4adba7d5efdacd5fbf59fbfe90a413daf491fdfeb48ddab4f79ce4eaa9ea1df2a64b92ceec57ec48cb9a58d20a2dda9826b956509dde8e8b1cadd1e83e73ed369d4952bcb6279d93e4a10af7d88f5f46d22ecbef1caf35bbd324b9ab64de69002feb705aa6ed8f86be8dedd6de4e68f70eebeb085c5b4532388d9bd9d66edcdc5cf5e577233569fa33f2af5f4d294753f5b22536d7c2ee79f3f5dc036f6a48c476255ff054fdde3df5fea04b377b5d8d5387f6d91da29c27252dbf37b6733a1c6f79b349cdb005e7fc59c7f1a44ca54b52290fc7f17feb8224cf0abae50afec29724d529adb2929293b6e77fd0c5a727745c52d98a9630a69cb01c66bc47a7d2252943a7f25dbb725749eb69f9528e6ba965489262ff3c2ba9b4bc6b5a9758d46faa67c686e8fd28db678d96fd3821df7d5e9773ea8f4397fcce57fcd8923efd788376a7b9a97a87eefa744d98de9ff280da15d09a3550908a64709a34ab2d492a55da5da54abbeb8fc37feadbe55b3430e4031d4c4ab14ebf464e68d32773f5e4ab9b957cc14d75da3e6cd9ec55903294ee64e721dd74304d5279dddce3df85d6880b9997bce1db4bff8bd5349fde215a30bbab9e6c7bb37c3ca4537bf668cdcacd5ab3e79c756ae159bd58cfb59ca629f3e2b53fcd4375eebb4f436687e5bb6f0fb8968a5c705c5d4ba862252f2d5db441134644a95bdb097ae2a1497a7df83c1d3ae02cb1b1b37a8db61f9254d24d151c1678c9a787c380e45759de97d9cf5bb662e54b7776abb61a542d2d5d48d3fe25d665d756ecbc3d4a9654a76d573d76256b39bbcfe994241fbf06f9fc9e929e2caf0a928e1fdc635df2ef7997cff77433cfd4ac20294d29973deea1bc7a3e5c5b157442b14346e8e18e536d9fbf1a395fdb8d6fcd3aa46593672bb8fd083d3779bb92e5a926cf74cdf7f702ae9522179c0b172e2aa47b84c2c7452b66e926a51c4db54eb9261e9b3240e3fbd5bef4cdf29e166a5055d29f69da9d3db43b7b73c94d4d1cf7ed347fb1f6a587bee6a8515bcfb775fc8bd5a7df036a5e554adfbd478b1c9614a21bcbeb61eb587ed6cfd7a2f5e7a41b6beb99f79fd6937fb78967fd8fda9e24c9bf89865cf297b9bf8674b9596595a6dfbf2b84c37c3d6f56eb50cba6ba7b7aaa55433729e590d65c36e675e573a3a433c7f5bbdd7e31f93da07bea5ff926b5ab73e966b63af51d9ffbee794b6c7fe494f1d015ec02028c2972c1715a9e15d43c24449fae0a53e49c108d1efbb4a645fd475f4e692c1fd773da14bd22771fcca6e83dda9f2ef9b4eea94f3feca9b0b1dd357e4e98460749c997d97c93fea7879a8f7d49916f7757d8d8ee1afde17f1419525d25d38f28f6bda57fb949a8606c53728aa41b6f56b719dd15366980a6fcd73ac7d182fef3b460739a4a56f1d7337326e8cbaf5ed6b4b7bb2b6cecd39a16f5b222978ed2b2a89c53e5ecd1f837376a7f7a6935091da405739e56d8d8ee0a9b14a2c8554fab5d0d69ffe2850afb8b23e3feb1b44cf93cd92ff7df22eced97f5e59406f2d1396d9afba59659e7e7fa519b123325cfdaeab92844a3c77657d8a47efa34aa857cce16c226b5dd693a25a9fa7d03347a6c774df9b0a71e93d479dc002d5b3a40e3c7e6fc6fa3af5af849e93be2cdfd21025c01a70e4ed645db67525d5c6c27f1fca74ae49c0434fbfe0ac38288155ab6f1888ecb43d5ebd7568b0efeaaefe7a1f4c4782d18feb686d81f85b47ea186856fd6fe3f259fc60dd4aa436335b9f188be1cfea32e77a6b7f4dddf6aca174754b64963b5ead0582d1a7adaeefbd5a90e479d159e139a12f1a376ffe9269fe68dd5eabeca2a759938e689d77b7dc6ebb9c99bb5e3d03995ac5259f5ef6aac561dfc55bf7665f9784aa7928fe74d5fbd50c1afaed09a3d992aebefaf561d1aab55ebdaaa70e690d6bc3b57c1632ebb6debdf49d9a6c11fc42bbd86eddfa2d55d95a56387143bc1f2ef968f4f472f55ec9e732a59b5b65a7468ac5641e5757cf14245edb5ce2c009f2ed4dcd52794ee59552d3a345693cad27149fb761d517af9aa6ade21fb7f1bf53d94fcdd0a8d7e7a85813f44802be7d4671ac8f93e9ccf2257e9a3e92baee8acd1566e6eae1a18d659ed1e6eaa2d3fefd5a0673fb04ec1752bbf4fff03c583339e69c0a983f3c433f7a9cf0b0f5887ffb1c9633ed7f2c53f5b8771dd223828be9c31384ebd49ed7fb35769eeac6f73bf60ed9f3a7cf0b8de9bba94d800c035e4d46b3840e1620d07c5176b380080eb166b3800500cb1860300b86e111c0080110407006004c10100184170000046101c0080110407006004c10100184170000046101c0080110407006004c10100184170000046101c0080110407006004c10100184170000046101c0080112e0d7dfbf115d30050ccfcf4db14ebd035c71a0e00c0088203003082e000008c2038000023080e00c0088203003082e000008c2038000023080e00c0088203003082e000008c2038000023080e00c0088203003082e000008c2038000023080e00c0088203003082e000008c2038000023080e00c0088203003082e000008c2038000023080e00c0088203003082e000008c2038000023080e00c0088203003082e000008c2038000023080e00c0088203003082e000008c2038000023080e00c0088203003082e000008c2038000023080e00c0088203003082e000008c2038000023080e00c0088203003082e000008c2038000023080e00c0088203003082e000008c2038000023080e00c0088203003082e000008c2038000023080e00c0088203003082e000008c2038000023080e00c0088203003082e000008c2038000023080e00c0088203003082e000008c2038000023080e00c0088203003082e000008c2038000023080e00c0088203003082e000008c2038000023080e00c0088203003082e000008c2038000023080e00c0088203003082e000008c2038000023080e00c0088203003082e000008c2038000023080e00c0088203003082e000008c2038000023080e00c0088203003082e000008c2038000023080e00c0088203003082e000008c2038000023080e00c0088203003082e000008c2038000023080e00c0088203003082e000008c2038000023080e00c0088203003082e000008c2038000023080e00c0088203003082e000008c2038000023080e00c0088203003082e000008c2038000023080e00c0088203003082e000008c2038000023080e00c0088203003082e000008c2038000023080e00c0088203003082e000008c2038000023080e00c0088203003082e000008c2038000023080e00c0088203003082e000008c2038000023080e00c0088203003082e000008c2038000023080e00c0088203003082e000008c2038000023080e00c0088203003082e000008c2038000023080e00c0088203003082e000008c2038000023080e00c0088203003082e000008c2038000023080e00c0088203003082e000008c2038000023080e00c0088203003082e000008c2038000023080e00c0088203003082e000008c2038000023080e00c0088203003082e000008c2038000023080e00c0088203003082e000008c2038000023080e00c0088203003082e000008c2038000023080e00c0088203003082e000008c2038000023080e00c0088203003082e000008c2038000023080e00c0088203003082e000008c2038000023080e00c0088203003082e000008c2038000023080e00c0088203003082e000008c2038000023080e00c0088203003082e000008c2038000023080e00c0088203003082e000008c2038000023080e00c0088203003082e000008c2038000023080e00c0088203003082e000008c2038000023080e00c0088203003082e000008c2038000023080e00c0088203003082e000008c2038000023080e00c0088203003082e000008c2038000023080e00c0088203003082e000008c2038000023080e00c0088203003082e000008c2038000023080e00c0088203003082e000008c2038000023080e00c0088203003082e000008c2038000023080e00c0088203003082e000008c2038000023080e00c0088203003082e000008c2038000023080e00c0088203003082e000008c2038000023080e00c0088203003082e000008c2038000023080e00c0088203003082e000008c2038000023080e00c0088203003082e000008c2038000023080e00c0088203003082e000008c2038000023080e00c0088203003082e000008c2038000023080e00c0088203003082e000008c2038000023080e00c0088203003082e000008c2038000023080e00c0088203003082e000008c2038000023080e00c0088203003082e000008c2038000023080e00c00882030030e2ff01d9e78219e9f5c04c0000000049454e44ae426082);

-- --------------------------------------------------------

--
-- Table structure for table `complaint_categories`
--

CREATE TABLE `complaint_categories` (
  `category_id` int(11) NOT NULL,
  `category_name` varchar(255) DEFAULT NULL,
  `description` text DEFAULT NULL
) ENGINE=InnoDB DEFAULT CHARSET=utf8mb4 COLLATE=utf8mb4_general_ci;

--
-- Dumping data for table `complaint_categories`
--

INSERT INTO `complaint_categories` (`category_id`, `category_name`, `description`) VALUES
(2, 'Canteen', 'canteen, cafeteria, food stall, meal tray, cutlery, spoon, fork, plate, bowl, kitchen, cook, chef, waiter, serving, serving counter, food portion, meal quality, stale food, undercooked, overcooked, burnt food, oily food, food smell, food poisoning, hygiene issue, unclean plate, greasy table, dirty floor, trash bin, waste food, leftover food, serving delay, long queue, crowded canteen, food menu, snack counter, drink stall, tea urn, coffee urn, refrigerator, food storage, kitchen staff, meal portion, food shortage, broken chair, sticky table, seating area, tray return, utensil wash, kitchen hygiene'),
(3, 'Finance', 'tuition fee, admission fee, registration fee, late fine, payment receipt, bank voucher, challan, transaction id, payment portal, fee invoice, fee counter, cashier, billing, refund request, scholarship fund, stipend payment, grant money, payment delay, installment plan, outstanding balance, payment verification, bank transfer, account number, financial aid, fee ledger, fee update, payment record, fee adjustment, payment confirmation, deposit amount, withdrawal request, refund process, bank statement, payment gateway, transaction error, financial clearance, dues balance, payment status, billing issue, receipt number, finance office, monetary charge, fee problem, deposit slip, payment method, refund status, bank charge, financial document, transaction reference'),
(4, 'IT', 'internet, wifi, router, modem, server, database, software, hardware, laptop, desktop, keyboard, mouse, monitor, printer, scanner, projector, cable, ethernet, network, bandwidth, login, password, username, authentication, portal, website, web page, system error, bug, crash, loading issue, connectivity, firewall, antivirus, malware, update, installation, configuration, troubleshooting, reboot, backup, cloud storage, data loss, upload failure, download issue, application error, system timeout, network lag, access denied, server down, technical support'),
(5, 'Exam', 'invigilator, proctor, answer booklet, answer sheet, question paper, question number, seat number, exam hall, hall ticket, roll number, exam center, exam desk, bell time, exam duration, exam rules, malpractice case, unfair means, cheating case, identity check, paper distribution, paper collection, seal packet, exam notice, exam announcement, exam procedure, seat plan, seat arrangement, late entry, early exit, exam discipline, hall supervisor, corridor noise, exam security, exam confusion, exam interruption, exam delay, question misprint, missing page, answer ink, booklet issue, scribble area, rough sheet, margin mark, hall ventilation, exam crowd, exams tress, time warning, last bell, answer entry, exam formalities'),
(6, 'Health', 'clinic, nurse, doctor, ambulance, medication, prescription, treatment, medical checkup, health center, first aid, injury, fever, headache, stomach ache, vomiting, dizziness, infection, allergy, cough, cold, flu, fatigue, dehydration, breathing problem, blood pressure, medical report, thermometer, bandage, pain killer, health issue, medical emergency, sick room, patient care, health staff, illness, medical leave, hospital visit, clinic appointment, vaccination, medical support, sanitary issue, hygiene problem, health risk, contamination, disinfectant, sanitizer, quarantine, medical facility, health inspection, wellness check'),
(7, 'Academic', 'teacher, lecturer, professor, instructor, tutorial, pedagogy, syllabus, curriculum, lecture, coursework, classroom, mentoring, explanation, clarification, guidance, academic, advisor, consultation, supervision, learningmaterial, lecture hall, teaching method, discussion, seminar, workshop, tutorial session, knowledge, concept, theory, understanding, demonstration, whiteboard, chalk talk, explanation style, academic difficulty, learning issue, teacher behavior, academic guidance, instructor feedback, lecture clarity, student query, classroom interaction, teaching quality, lesson pace, lecture delivery, conceptual problem, academic discussion, teacher attendance, faculty interaction, instruction quality, subject guidance');

-- --------------------------------------------------------

--
-- Table structure for table `complaint_statuses`
--

CREATE TABLE `complaint_statuses` (
  `status_id` int(11) NOT NULL,
  `status_label` varchar(255) DEFAULT NULL,
  `status_message` text DEFAULT NULL
) ENGINE=InnoDB DEFAULT CHARSET=utf8mb4 COLLATE=utf8mb4_general_ci;

--
-- Dumping data for table `complaint_statuses`
--

INSERT INTO `complaint_statuses` (`status_id`, `status_label`, `status_message`) VALUES
(1, 'Pending', ''),
(2, 'In Progress', 'Work is currently in progress regarding your complaint.'),
(3, 'Solved', 'Your complaint has been successfully resolved.'),
(4, 'Unresolved', 'Your complaint has been marked as unresolved.');

-- --------------------------------------------------------

--
-- Table structure for table `notifications`
--

CREATE TABLE `notifications` (
  `id` int(11) NOT NULL,
  `user_id` int(11) NOT NULL,
  `complaint_id` int(11) DEFAULT NULL,
  `category_id` int(11) DEFAULT NULL,
  `message` text NOT NULL,
  `status` enum('unread','read') DEFAULT 'unread',
  `created_at` timestamp NOT NULL DEFAULT current_timestamp()
) ENGINE=InnoDB DEFAULT CHARSET=utf8mb4 COLLATE=utf8mb4_general_ci;

--
-- Dumping data for table `notifications`
--

INSERT INTO `notifications` (`id`, `user_id`, `complaint_id`, `category_id`, `message`, `status`, `created_at`) VALUES
(1, 10, 23, 4, 'Your complaint \'Internet Issue\' has a new status update.', 'read', '2026-03-20 15:57:28'),
(2, 10, 23, 4, 'Your complaint \'Internet Issue\' has a new status update.', 'read', '2026-03-20 15:57:36'),
(3, 10, 23, NULL, 'Your complaint \'Internet Issue\' has a new status update.', 'read', '2026-03-20 15:57:44'),
(4, 10, 23, NULL, 'Your complaint \'Internet Issue\' has a new status update.', 'read', '2026-03-20 15:59:22'),
(5, 10, 23, NULL, 'Your complaint \'Internet Issue\' has a new status update.', 'read', '2026-03-20 15:59:30'),
(6, 10, 23, NULL, 'Your complaint \'Internet Issue\' has a new status update.', 'read', '2026-03-20 15:59:38'),
(7, 10, 23, NULL, 'Your complaint \'Internet Issue\' has a new status update.', 'read', '2026-03-20 15:59:46'),
(8, 10, 23, NULL, 'Your complaint \'Internet Issue\' has a new status update.', 'read', '2026-03-20 15:59:55'),
(9, 10, 23, NULL, 'Your complaint \'Internet Issue\' has a new status update.', 'read', '2026-03-20 16:00:03'),
(10, 2, 33, 4, 'A new complaint has been submitted in category: IT', 'read', '2026-03-21 06:55:07'),
(13, 17, 33, 4, 'A new complaint has been submitted in category: IT', 'read', '2026-03-21 06:55:13'),
(32, 10, 29, 2, 'Your complaint \'Kabita Katwal\' has a new status update.', 'read', '2026-03-21 15:24:17'),
(35, 2, 38, 4, 'A new complaint has been submitted', 'read', '2026-03-21 16:37:46'),
(36, 17, 38, 4, 'A new complaint has been submitted', 'unread', '2026-03-21 16:37:54');

-- --------------------------------------------------------

--
-- Table structure for table `users`
--

CREATE TABLE `users` (
  `user_id` int(11) NOT NULL,
  `first_name` varchar(255) NOT NULL,
  `middle_name` varchar(255) DEFAULT NULL,
  `last_name` varchar(255) NOT NULL,
  `email` varchar(255) NOT NULL,
  `contact` int(10) NOT NULL,
  `batch` enum('2023','2024','2025','2026','2027') DEFAULT NULL,
  `program` varchar(200) DEFAULT NULL,
  `password` varchar(255) NOT NULL,
  `role` enum('User','Admin','DeptAdmin','UpperBody','Coordinator','HOD','Dean') NOT NULL DEFAULT 'User',
  `status` varchar(20) DEFAULT 'Active',
  `created_at` timestamp NOT NULL DEFAULT current_timestamp() ON UPDATE current_timestamp(),
  `assigned_category` int(11) DEFAULT NULL
) ENGINE=InnoDB DEFAULT CHARSET=utf8mb4 COLLATE=utf8mb4_general_ci;

--
-- Dumping data for table `users`
--

INSERT INTO `users` (`user_id`, `first_name`, `middle_name`, `last_name`, `email`, `contact`, `batch`, `program`, `password`, `role`, `status`, `created_at`, `assigned_category`) VALUES
(2, 'Admin', '', 'Admin', 'kabuu322@gmail.com', 123456789, '', '', '$2y$10$vTuVbXJkltpaFZxvyS8daew2a4bhIAvZkz5F2d/rhWI2QuPZ.8gRS', 'Admin', 'Active', '2026-03-21 16:01:45', NULL),
(10, 'Kabita', '', 'Katwal', 'kabita_btechedit2023@kusoed.edu.np', 0, '2023', 'B.Tech.Ed.IT & BIT', '$2y$10$fKrYlYshKPKlVyXq0BkJp.T9BIoFuCnrWZCacE.9NiOhfs/0W1vra', 'User', 'Active', '2026-03-12 05:48:00', NULL),
(11, 'User', 'User', 'User', 'uuu@gmail.com', 2147483647, '2025', 'B.Tech.Ed.IT & BIT', '$2y$10$oS/2V7dC.0Fi2s9edXUGkOZ2zAFvIztKwQyYR71mn7N6Rz0zkKTIK', 'User', 'Active', '2026-03-11 11:20:38', NULL),
(12, 'Academic', '', 'Admin', 'academic@gmail.com', 1111111111, NULL, NULL, '$2y$10$ssecrBrg6bWkvJPx19QAWufKImBf.wpD.nxMT6zZKuRr9jdPz2YEG', 'DeptAdmin', 'Active', '2026-03-20 08:28:43', 7),
(13, 'Exam', '', 'Admin', 'exam@gmail.com', 2147483647, NULL, NULL, '$2y$10$kul9uPv/5gY8zW7.HmUS4.yjSArZPK0uoZF89cdkdPC/x7DRDN1gm', 'DeptAdmin', 'Active', '2026-03-11 17:53:16', 5),
(14, 'Canteen', '', 'Admin', 'canteen@gmail.com', 2147483647, NULL, NULL, '$2y$10$igUZoVJAgYjcZxig795rEupKqm9E.pFz5HUVYhw4ppEinFX9.g98C', 'DeptAdmin', 'Active', '2026-03-11 17:53:16', 2),
(15, 'Finance', '', 'Admin', 'finance@gmail.com', 2147483647, NULL, NULL, '$2y$10$OBNXyJGd4UJq.clWXW/oZONkP0L5Ky/xKZChUAcw5NkL8ejpVSPEG', 'DeptAdmin', 'Active', '2026-03-11 17:53:16', 3),
(16, 'Health', '', 'Admin', 'health@gmail.com', 2147483647, NULL, NULL, '$2y$10$VQZSOwu.uK1hxWyatU5ISOJUgia34OlnCSu4Px/4MlkDRajlsMSs.', 'DeptAdmin', 'Active', '2026-03-11 17:53:16', 6),
(17, 'Trishna ', '', 'Thapa', 'trishna_btechedit2023@kusoed.edu.np', 2147483647, NULL, NULL, '$2y$10$QcAueFPlmA8b9TwmiLrADOU8KNOTJZONQW8u1FaR6aynOvLkfWdXG', 'DeptAdmin', 'Active', '2026-03-21 16:17:44', 4),
(20, 'Sandip', '', 'Ram', 'sandip_btechedit2023@kusoed.edu.np', 2147483647, NULL, NULL, '$2y$10$rnltHXUQXvGiDPTLZ7x6aeayK9OIlwivpmc4okS6VwOssIWuYI.em', 'HOD', 'Active', '2026-03-21 16:17:17', NULL),
(21, 'Suraj ', '', 'Mahato', 'suraj_btechedit2023@kusoed.edu.np', 2147483647, NULL, NULL, '$2y$10$sOhj7ZUYTZklAftU/CXxn.BgTtF9M1f9E4iZ3BxJxfuaVuY12FP9.', 'Coordinator', 'Active', '2026-03-21 16:18:10', NULL),
(22, 'Prakash', '', 'Karki', 'dean@gmail.com', 2147483647, NULL, NULL, '$2y$10$a5uyFxc0DYHlDqVI549yAuNLU6W7hA.h0g4GQ7ZqK4nWNQ3..bsPy', 'Dean', 'Active', '2026-03-12 08:54:44', NULL),
(23, 'User', '', '1', 'user@gamil.com', 2147483647, '2023', 'B.Tech.Ed.IT & BIT', '$2y$10$q1PHd7uF9.vMf93i/TJGCeBc4OHWqcEgX6nuJlwOwgKR1edCb9pnG', 'User', 'Active', '2026-03-21 06:54:25', NULL);

--
-- Indexes for dumped tables
--

--
-- Indexes for table `complaints`
--
ALTER TABLE `complaints`
  ADD PRIMARY KEY (`complaint_id`),
  ADD KEY `user_id` (`user_id`),
  ADD KEY `category_id` (`category_id`),
  ADD KEY `status_id` (`status_id`),
  ADD KEY `fk_assigned_to` (`assigned_to`);

--
-- Indexes for table `complaint_attachments`
--
ALTER TABLE `complaint_attachments`
  ADD PRIMARY KEY (`attachment_id`),
  ADD KEY `complaint_id` (`complaint_id`);

--
-- Indexes for table `complaint_categories`
--
ALTER TABLE `complaint_categories`
  ADD PRIMARY KEY (`category_id`);

--
-- Indexes for table `complaint_statuses`
--
ALTER TABLE `complaint_statuses`
  ADD PRIMARY KEY (`status_id`),
  ADD UNIQUE KEY `status_label` (`status_label`);

--
-- Indexes for table `notifications`
--
ALTER TABLE `notifications`
  ADD PRIMARY KEY (`id`),
  ADD KEY `user_id` (`user_id`),
  ADD KEY `complaint_id` (`complaint_id`),
  ADD KEY `notifications_ibfk_3` (`category_id`);

--
-- Indexes for table `users`
--
ALTER TABLE `users`
  ADD PRIMARY KEY (`user_id`),
  ADD UNIQUE KEY `email` (`email`);

--
-- AUTO_INCREMENT for dumped tables
--

--
-- AUTO_INCREMENT for table `complaints`
--
ALTER TABLE `complaints`
  MODIFY `complaint_id` int(11) NOT NULL AUTO_INCREMENT, AUTO_INCREMENT=39;

--
-- AUTO_INCREMENT for table `complaint_attachments`
--
ALTER TABLE `complaint_attachments`
  MODIFY `attachment_id` int(11) NOT NULL AUTO_INCREMENT, AUTO_INCREMENT=6;

--
-- AUTO_INCREMENT for table `complaint_categories`
--
ALTER TABLE `complaint_categories`
  MODIFY `category_id` int(11) NOT NULL AUTO_INCREMENT, AUTO_INCREMENT=8;

--
-- AUTO_INCREMENT for table `complaint_statuses`
--
ALTER TABLE `complaint_statuses`
  MODIFY `status_id` int(11) NOT NULL AUTO_INCREMENT, AUTO_INCREMENT=5;

--
-- AUTO_INCREMENT for table `notifications`
--
ALTER TABLE `notifications`
  MODIFY `id` int(11) NOT NULL AUTO_INCREMENT, AUTO_INCREMENT=37;

--
-- AUTO_INCREMENT for table `users`
--
ALTER TABLE `users`
  MODIFY `user_id` int(11) NOT NULL AUTO_INCREMENT, AUTO_INCREMENT=25;

--
-- Constraints for dumped tables
--

--
-- Constraints for table `complaints`
--
ALTER TABLE `complaints`
  ADD CONSTRAINT `complaints_ibfk_1` FOREIGN KEY (`user_id`) REFERENCES `users` (`user_id`),
  ADD CONSTRAINT `complaints_ibfk_2` FOREIGN KEY (`category_id`) REFERENCES `complaint_categories` (`category_id`),
  ADD CONSTRAINT `complaints_ibfk_4` FOREIGN KEY (`status_id`) REFERENCES `complaint_statuses` (`status_id`),
  ADD CONSTRAINT `fk_assigned_to` FOREIGN KEY (`assigned_to`) REFERENCES `users` (`user_id`) ON DELETE SET NULL;

--
-- Constraints for table `complaint_attachments`
--
ALTER TABLE `complaint_attachments`
  ADD CONSTRAINT `complaint_attachments_ibfk_1` FOREIGN KEY (`complaint_id`) REFERENCES `complaints` (`complaint_id`) ON DELETE CASCADE;

--
-- Constraints for table `notifications`
--
ALTER TABLE `notifications`
  ADD CONSTRAINT `notifications_ibfk_1` FOREIGN KEY (`user_id`) REFERENCES `users` (`user_id`) ON DELETE CASCADE,
  ADD CONSTRAINT `notifications_ibfk_2` FOREIGN KEY (`complaint_id`) REFERENCES `complaints` (`complaint_id`) ON DELETE CASCADE,
  ADD CONSTRAINT `notifications_ibfk_3` FOREIGN KEY (`category_id`) REFERENCES `complaint_categories` (`category_id`) ON DELETE SET NULL;
COMMIT;

/*!40101 SET CHARACTER_SET_CLIENT=@OLD_CHARACTER_SET_CLIENT */;
/*!40101 SET CHARACTER_SET_RESULTS=@OLD_CHARACTER_SET_RESULTS */;
/*!40101 SET COLLATION_CONNECTION=@OLD_COLLATION_CONNECTION */;
